[{"@type":"mappingTemplate","id":"@1","name":"Mapping_GitHub_VersionControl","description":"","bundleVersion":"0","assetFrsGuid":"7Sm8zOmoa2cjPW4jFWn9W6","templateId":"@3","deployTime":1740472367000,"hasParameters":false,"valid":true,"fixedConnection":true,"hasParametersDeployed":false,"fixedConnectionDeployed":true,"isSchemaValidationEnabled":false,"tasks":0,"mappingPreviewFileRecordId":"@2","documentType":"MAPPING","references":[{"@type":"reference","refObjectId":"@1lKV8mqTLqic5LYWZUUFMl","refType":"connection"},{"@type":"reference","refObjectId":"@k60xOz4rf4ddb3dczriAot","refType":"connection"}]}]